Time,Starthour,Endhour,Unit,Data
2023-03-13,00:00,00:15,MW,143.916
2023-03-13,00:15,00:30,MW,3.58
2023-03-13,00:30,00:45,MW,0.000668
2023-03-13,00:45,01:00,MW,32.152
2023-03-13,01:00,01:15,MW,12.468
2023-03-13,01:15,01:30,MW,0.000836
2023-03-13,01:30,01:45,MW,17.32
2023-03-13,01:45,02:00,MW,18.936
2023-03-13,02:00,02:15,MW,85.64
2023-03-13,02:15,02:30,MW,87.9
2023-03-13,02:30,02:45,MW,183.648
2023-03-13,02:45,03:00,MW,76.168
2023-03-13,03:00,03:15,MW,13.292
2023-03-13,03:15,03:30,MW,0
2023-03-13,03:30,03:45,MW,2.988
2023-03-13,03:45,04:00,MW,135.284
2023-03-13,04:00,04:15,MW,43.78
2023-03-13,04:15,04:30,MW,18.608
2023-03-13,04:30,04:45,MW,52.496
2023-03-13,04:45,05:00,MW,113.096
2023-03-13,05:00,05:15,MW,318.392
2023-03-13,05:15,05:30,MW,208.568
2023-03-13,05:30,05:45,MW,17.02
2023-03-13,05:45,06:00,MW,0
2023-03-13,06:00,06:15,MW,25.956
2023-03-13,06:15,06:30,MW,3.996
2023-03-13,06:30,06:45,MW,0
2023-03-13,06:45,07:00,MW,3.192
2023-03-13,07:00,07:15,MW,11.76
2023-03-13,07:15,07:30,MW,39.804
2023-03-13,07:30,07:45,MW,6.976
2023-03-13,07:45,08:00,MW,0
2023-03-13,08:00,08:15,MW,0
2023-03-13,08:15,08:30,MW,0
2023-03-13,08:30,08:45,MW,0
2023-03-13,08:45,09:00,MW,0
2023-03-13,09:00,09:15,MW,0
2023-03-13,09:15,09:30,MW,0
2023-03-13,09:30,09:45,MW,13.58
2023-03-13,09:45,10:00,MW,13.608
2023-03-13,10:00,10:15,MW,0.000996
2023-03-13,10:15,10:30,MW,0.000176
2023-03-13,10:30,10:45,MW,0.0003
2023-03-13,10:45,11:00,MW,0.000128
2023-03-13,11:00,11:15,MW,24.288
2023-03-13,11:15,11:30,MW,163.696
2023-03-13,11:30,11:45,MW,65.536
2023-03-13,11:45,12:00,MW,68.644
2023-03-13,12:00,12:15,MW,35.292
2023-03-13,12:15,12:30,MW,138.776
2023-03-13,12:30,12:45,MW,87.928
2023-03-13,12:45,13:00,MW,37.5
2023-03-13,13:00,13:15,MW,161.424
2023-03-13,13:15,13:30,MW,254.356
2023-03-13,13:30,13:45,MW,96.764
2023-03-13,13:45,14:00,MW,5.064
2023-03-13,14:00,14:15,MW,0
2023-03-13,14:15,14:30,MW,0
2023-03-13,14:30,14:45,MW,0.000576
2023-03-13,14:45,15:00,MW,53.828
2023-03-13,15:00,15:15,MW,8.164
2023-03-13,15:15,15:30,MW,0
2023-03-13,15:30,15:45,MW,40.528
2023-03-13,15:45,16:00,MW,78.296
2023-03-13,16:00,16:15,MW,179.524
2023-03-13,16:15,16:30,MW,78.94
2023-03-13,16:30,16:45,MW,131.016
2023-03-13,16:45,17:00,MW,149.704
2023-03-13,17:00,17:15,MW,4.08
2023-03-13,17:15,17:30,MW,0
2023-03-13,17:30,17:45,MW,0
2023-03-13,17:45,18:00,MW,0.000008
2023-03-13,18:00,18:15,MW,140.304
2023-03-13,18:15,18:30,MW,357.352
2023-03-13,18:30,18:45,MW,106.708
2023-03-13,18:45,19:00,MW,56.284
2023-03-13,19:00,19:15,MW,24.648
2023-03-13,19:15,19:30,MW,0.000432
2023-03-13,19:30,19:45,MW,0.000052
2023-03-13,19:45,20:00,MW,0
2023-03-13,20:00,20:15,MW,0
2023-03-13,20:15,20:30,MW,0
2023-03-13,20:30,20:45,MW,0.000008
2023-03-13,20:45,21:00,MW,0
2023-03-13,21:00,21:15,MW,4.228
2023-03-13,21:15,21:30,MW,1.216
2023-03-13,21:30,21:45,MW,89.528
2023-03-13,21:45,22:00,MW,268.296
2023-03-13,22:00,22:15,MW,58.832
2023-03-13,22:15,22:30,MW,0
2023-03-13,22:30,22:45,MW,1.136
2023-03-13,22:45,23:00,MW,0.0008
2023-03-13,23:00,23:15,MW,35.564
2023-03-13,23:15,23:30,MW,31.16
2023-03-13,23:30,23:45,MW,4.936
2023-03-13,23:45,00:00,MW,7.644
2023-03-14,00:00,00:15,MW,6.028
2023-03-14,00:15,00:30,MW,0
2023-03-14,00:30,00:45,MW,0.000572
2023-03-14,00:45,01:00,MW,35.024
2023-03-14,01:00,01:15,MW,54.308
2023-03-14,01:15,01:30,MW,112.74
2023-03-14,01:30,01:45,MW,132.248
2023-03-14,01:45,02:00,MW,349.452
2023-03-14,02:00,02:15,MW,116.332
2023-03-14,02:15,02:30,MW,415.068
2023-03-14,02:30,02:45,MW,216.82
2023-03-14,02:45,03:00,MW,179.42
2023-03-14,03:00,03:15,MW,2.94
2023-03-14,03:15,03:30,MW,0.000308
2023-03-14,03:30,03:45,MW,0.00042
2023-03-14,03:45,04:00,MW,86.004
2023-03-14,04:00,04:15,MW,217.9
2023-03-14,04:15,04:30,MW,10.672
2023-03-14,04:30,04:45,MW,0.000004
2023-03-14,04:45,05:00,MW,0.00022
2023-03-14,05:00,05:15,MW,0
2023-03-14,05:15,05:30,MW,0
2023-03-14,05:30,05:45,MW,0.000292
2023-03-14,05:45,06:00,MW,0.000236
2023-03-14,06:00,06:15,MW,5.224
2023-03-14,06:15,06:30,MW,0
2023-03-14,06:30,06:45,MW,0
2023-03-14,06:45,07:00,MW,0
2023-03-14,07:00,07:15,MW,301.992
2023-03-14,07:15,07:30,MW,141.94
2023-03-14,07:30,07:45,MW,439.576
2023-03-14,07:45,08:00,MW,170.552
2023-03-14,08:00,08:15,MW,207.824
2023-03-14,08:15,08:30,MW,100.928
2023-03-14,08:30,08:45,MW,88.16
2023-03-14,08:45,09:00,MW,10.776
2023-03-14,09:00,09:15,MW,182.192
2023-03-14,09:15,09:30,MW,9.62
2023-03-14,09:30,09:45,MW,10.648
2023-03-14,09:45,10:00,MW,4.684
2023-03-14,10:00,10:15,MW,0
2023-03-14,10:15,10:30,MW,0.000008
2023-03-14,10:30,10:45,MW,7.528
2023-03-14,10:45,11:00,MW,13.548
2023-03-14,11:00,11:15,MW,12.428
2023-03-14,11:15,11:30,MW,2.68
2023-03-14,11:30,11:45,MW,0.00048
2023-03-14,11:45,12:00,MW,235.264
2023-03-14,12:00,12:15,MW,278.472
2023-03-14,12:15,12:30,MW,82.82
2023-03-14,12:30,12:45,MW,22.476
2023-03-14,12:45,13:00,MW,108.236
2023-03-14,13:00,13:15,MW,0.000576
2023-03-14,13:15,13:30,MW,8.596
2023-03-14,13:30,13:45,MW,0.000332
2023-03-14,13:45,14:00,MW,2.336
2023-03-14,14:00,14:15,MW,11.16
2023-03-14,14:15,14:30,MW,6.128
2023-03-14,14:30,14:45,MW,0.000012
2023-03-14,14:45,15:00,MW,0
2023-03-14,15:00,15:15,MW,0
2023-03-14,15:15,15:30,MW,4.12
2023-03-14,15:30,15:45,MW,79.576
2023-03-14,15:45,16:00,MW,229.332
2023-03-14,16:00,16:15,MW,222.46
2023-03-14,16:15,16:30,MW,59.044
2023-03-14,16:30,16:45,MW,84.524
2023-03-14,16:45,17:00,MW,359.604
2023-03-14,17:00,17:15,MW,8.684
2023-03-14,17:15,17:30,MW,0
2023-03-14,17:30,17:45,MW,27.232
2023-03-14,17:45,18:00,MW,0.000528
2023-03-14,18:00,18:15,MW,48.316
2023-03-14,18:15,18:30,MW,0
2023-03-14,18:30,18:45,MW,0.000024
2023-03-14,18:45,19:00,MW,0
2023-03-14,19:00,19:15,MW,0
2023-03-14,19:15,19:30,MW,0
2023-03-14,19:30,19:45,MW,0
2023-03-14,19:45,20:00,MW,0
2023-03-14,20:00,20:15,MW,0
2023-03-14,20:15,20:30,MW,0.00008
2023-03-14,20:30,20:45,MW,0.000176
2023-03-14,20:45,21:00,MW,6.212
2023-03-14,21:00,21:15,MW,7.548
2023-03-14,21:15,21:30,MW,0.000624
2023-03-14,21:30,21:45,MW,0.000096
2023-03-14,21:45,22:00,MW,0
2023-03-14,22:00,22:15,MW,0
2023-03-14,22:15,22:30,MW,0
2023-03-14,22:30,22:45,MW,0
2023-03-14,22:45,23:00,MW,0
2023-03-14,23:00,23:15,MW,0
2023-03-14,23:15,23:30,MW,0
2023-03-14,23:30,23:45,MW,0
2023-03-14,23:45,00:00,MW,0
2023-03-15,00:00,00:15,MW,149.408
2023-03-15,00:15,00:30,MW,40.92
2023-03-15,00:30,00:45,MW,3.612
2023-03-15,00:45,01:00,MW,0.000008
2023-03-15,01:00,01:15,MW,0
2023-03-15,01:15,01:30,MW,0
2023-03-15,01:30,01:45,MW,0
2023-03-15,01:45,02:00,MW,0
2023-03-15,02:00,02:15,MW,0
2023-03-15,02:15,02:30,MW,0
2023-03-15,02:30,02:45,MW,0
2023-03-15,02:45,03:00,MW,0.000004
2023-03-15,03:00,03:15,MW,0.000296
2023-03-15,03:15,03:30,MW,70.48
2023-03-15,03:30,03:45,MW,11.1
2023-03-15,03:45,04:00,MW,0
2023-03-15,04:00,04:15,MW,0
2023-03-15,04:15,04:30,MW,0
2023-03-15,04:30,04:45,MW,0
2023-03-15,04:45,05:00,MW,0.00026
2023-03-15,05:00,05:15,MW,7.056
2023-03-15,05:15,05:30,MW,167.432
2023-03-15,05:30,05:45,MW,54.284
2023-03-15,05:45,06:00,MW,46.708
2023-03-15,06:00,06:15,MW,30.94
2023-03-15,06:15,06:30,MW,11.148
2023-03-15,06:30,06:45,MW,0
2023-03-15,06:45,07:00,MW,0
2023-03-15,07:00,07:15,MW,0
2023-03-15,07:15,07:30,MW,0
2023-03-15,07:30,07:45,MW,0
2023-03-15,07:45,08:00,MW,0
2023-03-15,08:00,08:15,MW,0
2023-03-15,08:15,08:30,MW,0.00048
2023-03-15,08:30,08:45,MW,112.296
2023-03-15,08:45,09:00,MW,160.692
2023-03-15,09:00,09:15,MW,207.564
2023-03-15,09:15,09:30,MW,340.14
2023-03-15,09:30,09:45,MW,375.256
2023-03-15,09:45,10:00,MW,37.752
2023-03-15,10:00,10:15,MW,1.34
2023-03-15,10:15,10:30,MW,37.796
2023-03-15,10:30,10:45,MW,155.156
2023-03-15,10:45,11:00,MW,76.24
2023-03-15,11:00,11:15,MW,358.608
2023-03-15,11:15,11:30,MW,78.968
2023-03-15,11:30,11:45,MW,107.656
2023-03-15,11:45,12:00,MW,494.064
2023-03-15,12:00,12:15,MW,280.576
2023-03-15,12:15,12:30,MW,150.212
2023-03-15,12:30,12:45,MW,6.796
2023-03-15,12:45,13:00,MW,0
2023-03-15,13:00,13:15,MW,1.412
2023-03-15,13:15,13:30,MW,31.912
2023-03-15,13:30,13:45,MW,127.228
2023-03-15,13:45,14:00,MW,781.688
2023-03-15,14:00,14:15,MW,411.832
2023-03-15,14:15,14:30,MW,24.984
2023-03-15,14:30,14:45,MW,24.532
2023-03-15,14:45,15:00,MW,0
2023-03-15,15:00,15:15,MW,0
2023-03-15,15:15,15:30,MW,46.152
2023-03-15,15:30,15:45,MW,56.824
2023-03-15,15:45,16:00,MW,236.368
2023-03-15,16:00,16:15,MW,267.492
2023-03-15,16:15,16:30,MW,44.096
2023-03-15,16:30,16:45,MW,34.984
2023-03-15,16:45,17:00,MW,0
2023-03-15,17:00,17:15,MW,52.792
2023-03-15,17:15,17:30,MW,70.444
2023-03-15,17:30,17:45,MW,0.000072
2023-03-15,17:45,18:00,MW,0.000008
2023-03-15,18:00,18:15,MW,673.768
2023-03-15,18:15,18:30,MW,372.848
2023-03-15,18:30,18:45,MW,219.74
2023-03-15,18:45,19:00,MW,0.000032
2023-03-15,19:00,19:15,MW,0.00012
2023-03-15,19:15,19:30,MW,0
2023-03-15,19:30,19:45,MW,0
2023-03-15,19:45,20:00,MW,0
2023-03-15,20:00,20:15,MW,0
2023-03-15,20:15,20:30,MW,81.144
2023-03-15,20:30,20:45,MW,106.284
2023-03-15,20:45,21:00,MW,73.536
2023-03-15,21:00,21:15,MW,105.128
2023-03-15,21:15,21:30,MW,45.124
2023-03-15,21:30,21:45,MW,13.456
2023-03-15,21:45,22:00,MW,5.904
2023-03-15,22:00,22:15,MW,0
2023-03-15,22:15,22:30,MW,0
2023-03-15,22:30,22:45,MW,18.52
2023-03-15,22:45,23:00,MW,47.012
2023-03-15,23:00,23:15,MW,24.216
2023-03-15,23:15,23:30,MW,0.000108
2023-03-15,23:30,23:45,MW,0.0001
2023-03-15,23:45,00:00,MW,3.884
2023-03-16,00:00,00:15,MW,0
2023-03-16,00:15,00:30,MW,5.624
2023-03-16,00:30,00:45,MW,14.096
2023-03-16,00:45,01:00,MW,2.008
2023-03-16,01:00,01:15,MW,0
2023-03-16,01:15,01:30,MW,0.00018
2023-03-16,01:30,01:45,MW,3.428
2023-03-16,01:45,02:00,MW,19.852
2023-03-16,02:00,02:15,MW,43.488
2023-03-16,02:15,02:30,MW,378.912
2023-03-16,02:30,02:45,MW,197.056
2023-03-16,02:45,03:00,MW,57.28
2023-03-16,03:00,03:15,MW,22.048
2023-03-16,03:15,03:30,MW,0
2023-03-16,03:30,03:45,MW,0
2023-03-16,03:45,04:00,MW,0
2023-03-16,04:00,04:15,MW,0.000292
2023-03-16,04:15,04:30,MW,8.056
2023-03-16,04:30,04:45,MW,60.584
2023-03-16,04:45,05:00,MW,111.476
2023-03-16,05:00,05:15,MW,207.756
2023-03-16,05:15,05:30,MW,120.904
2023-03-16,05:30,05:45,MW,23.984
2023-03-16,05:45,06:00,MW,73.62
2023-03-16,06:00,06:15,MW,96.18
2023-03-16,06:15,06:30,MW,4.024
2023-03-16,06:30,06:45,MW,189.52
2023-03-16,06:45,07:00,MW,41.244
2023-03-16,07:00,07:15,MW,248.48
2023-03-16,07:15,07:30,MW,664.62
2023-03-16,07:30,07:45,MW,631.068
2023-03-16,07:45,08:00,MW,690.82
2023-03-16,08:00,08:15,MW,210.212
2023-03-16,08:15,08:30,MW,406.896
2023-03-16,08:30,08:45,MW,662.088
2023-03-16,08:45,09:00,MW,632.948
2023-03-16,09:00,09:15,MW,531.6
2023-03-16,09:15,09:30,MW,764.424
2023-03-16,09:30,09:45,MW,1017.928
2023-03-16,09:45,10:00,MW,1288.204
2023-03-16,10:00,10:15,MW,614.808
2023-03-16,10:15,10:30,MW,701.668
2023-03-16,10:30,10:45,MW,1187.42
2023-03-16,10:45,11:00,MW,1219.232
2023-03-16,11:00,11:15,MW,1086.188
2023-03-16,11:15,11:30,MW,788.764
2023-03-16,11:30,11:45,MW,981.728
2023-03-16,11:45,12:00,MW,888.696
2023-03-16,12:00,12:15,MW,686.428
2023-03-16,12:15,12:30,MW,1000.704
2023-03-16,12:30,12:45,MW,203.096
2023-03-16,12:45,13:00,MW,873.16
2023-03-16,13:00,13:15,MW,156.804
2023-03-16,13:15,13:30,MW,707.86
2023-03-16,13:30,13:45,MW,720.316
2023-03-16,13:45,14:00,MW,524.052
2023-03-16,14:00,14:15,MW,490.684
2023-03-16,14:15,14:30,MW,277.164
2023-03-16,14:30,14:45,MW,321.58
2023-03-16,14:45,15:00,MW,555.172
2023-03-16,15:00,15:15,MW,462.776
2023-03-16,15:15,15:30,MW,32.424
2023-03-16,15:30,15:45,MW,53.224
2023-03-16,15:45,16:00,MW,271.324
2023-03-16,16:00,16:15,MW,416.108
2023-03-16,16:15,16:30,MW,61.1
2023-03-16,16:30,16:45,MW,0
2023-03-16,16:45,17:00,MW,2.652
2023-03-16,17:00,17:15,MW,59.744
2023-03-16,17:15,17:30,MW,0.000528
2023-03-16,17:30,17:45,MW,23.016
2023-03-16,17:45,18:00,MW,283.324
2023-03-16,18:00,18:15,MW,787.256
2023-03-16,18:15,18:30,MW,650.504
2023-03-16,18:30,18:45,MW,563.448
2023-03-16,18:45,19:00,MW,139.428
2023-03-16,19:00,19:15,MW,1.72
2023-03-16,19:15,19:30,MW,0
2023-03-16,19:30,19:45,MW,13.624
2023-03-16,19:45,20:00,MW,42.404
2023-03-16,20:00,20:15,MW,259.976
2023-03-16,20:15,20:30,MW,147.524
2023-03-16,20:30,20:45,MW,41.856
2023-03-16,20:45,21:00,MW,7.504
2023-03-16,21:00,21:15,MW,4.584
2023-03-16,21:15,21:30,MW,37.992
2023-03-16,21:30,21:45,MW,68.032
2023-03-16,21:45,22:00,MW,80.612
2023-03-16,22:00,22:15,MW,5.168
2023-03-16,22:15,22:30,MW,4.972
2023-03-16,22:30,22:45,MW,26.604
2023-03-16,22:45,23:00,MW,27.444
2023-03-16,23:00,23:15,MW,0
2023-03-16,23:15,23:30,MW,53.584
2023-03-16,23:30,23:45,MW,53.28
2023-03-16,23:45,00:00,MW,18.956
2023-03-17,00:00,00:15,MW,0.00052
2023-03-17,00:15,00:30,MW,1.056
2023-03-17,00:30,00:45,MW,0.000012
2023-03-17,00:45,01:00,MW,0
2023-03-17,01:00,01:15,MW,0
2023-03-17,01:15,01:30,MW,13.736
2023-03-17,01:30,01:45,MW,10.572
2023-03-17,01:45,02:00,MW,3.344
2023-03-17,02:00,02:15,MW,0
2023-03-17,02:15,02:30,MW,0
2023-03-17,02:30,02:45,MW,0.000168
2023-03-17,02:45,03:00,MW,3.356
2023-03-17,03:00,03:15,MW,0
2023-03-17,03:15,03:30,MW,0
2023-03-17,03:30,03:45,MW,0
2023-03-17,03:45,04:00,MW,0
2023-03-17,04:00,04:15,MW,4.848
2023-03-17,04:15,04:30,MW,21.7
2023-03-17,04:30,04:45,MW,7.428
2023-03-17,04:45,05:00,MW,0
2023-03-17,05:00,05:15,MW,0.000052
2023-03-17,05:15,05:30,MW,0
2023-03-17,05:30,05:45,MW,0
2023-03-17,05:45,06:00,MW,0
2023-03-17,06:00,06:15,MW,2.424
2023-03-17,06:15,06:30,MW,0
2023-03-17,06:30,06:45,MW,0
2023-03-17,06:45,07:00,MW,11.536
2023-03-17,07:00,07:15,MW,43.288
2023-03-17,07:15,07:30,MW,134.16
2023-03-17,07:30,07:45,MW,398.32
2023-03-17,07:45,08:00,MW,412.98
2023-03-17,08:00,08:15,MW,265.548
2023-03-17,08:15,08:30,MW,205.02
2023-03-17,08:30,08:45,MW,150.892
2023-03-17,08:45,09:00,MW,341.936
2023-03-17,09:00,09:15,MW,90.836
2023-03-17,09:15,09:30,MW,1.376
2023-03-17,09:30,09:45,MW,466.144
2023-03-17,09:45,10:00,MW,855.216
2023-03-17,10:00,10:15,MW,699.012
2023-03-17,10:15,10:30,MW,779.112
2023-03-17,10:30,10:45,MW,749.128
2023-03-17,10:45,11:00,MW,373.216
2023-03-17,11:00,11:15,MW,42.544
2023-03-17,11:15,11:30,MW,0
2023-03-17,11:30,11:45,MW,13.888
2023-03-17,11:45,12:00,MW,172.932
2023-03-17,12:00,12:15,MW,1042.732
2023-03-17,12:15,12:30,MW,921.872
2023-03-17,12:30,12:45,MW,569.328
2023-03-17,12:45,13:00,MW,199.452
2023-03-17,13:00,13:15,MW,333.936
2023-03-17,13:15,13:30,MW,157.472
2023-03-17,13:30,13:45,MW,7.824
2023-03-17,13:45,14:00,MW,43.236
2023-03-17,14:00,14:15,MW,101.644
2023-03-17,14:15,14:30,MW,0
2023-03-17,14:30,14:45,MW,0
2023-03-17,14:45,15:00,MW,0
2023-03-17,15:00,15:15,MW,0
2023-03-17,15:15,15:30,MW,0
2023-03-17,15:30,15:45,MW,0
2023-03-17,15:45,16:00,MW,0
2023-03-17,16:00,16:15,MW,8.108
2023-03-17,16:15,16:30,MW,111.696
2023-03-17,16:30,16:45,MW,0.000004
2023-03-17,16:45,17:00,MW,0.000004
2023-03-17,17:00,17:15,MW,0.000504
2023-03-17,17:15,17:30,MW,21.624
2023-03-17,17:30,17:45,MW,2.572
2023-03-17,17:45,18:00,MW,6.14
2023-03-17,18:00,18:15,MW,306.412
2023-03-17,18:15,18:30,MW,7.48
2023-03-17,18:30,18:45,MW,2.604
2023-03-17,18:45,19:00,MW,2.088
2023-03-17,19:00,19:15,MW,55.336
2023-03-17,19:15,19:30,MW,160.02
2023-03-17,19:30,19:45,MW,76.32
2023-03-17,19:45,20:00,MW,69.132
2023-03-17,20:00,20:15,MW,1.312
2023-03-17,20:15,20:30,MW,126.444
2023-03-17,20:30,20:45,MW,48.032
2023-03-17,20:45,21:00,MW,30.884
2023-03-17,21:00,21:15,MW,2.736
2023-03-17,21:15,21:30,MW,6.472
2023-03-17,21:30,21:45,MW,100.668
2023-03-17,21:45,22:00,MW,210.892
2023-03-17,22:00,22:15,MW,71.136
2023-03-17,22:15,22:30,MW,41.104
2023-03-17,22:30,22:45,MW,250.072
2023-03-17,22:45,23:00,MW,183.512
2023-03-17,23:00,23:15,MW,12.628
2023-03-17,23:15,23:30,MW,135.172
2023-03-17,23:30,23:45,MW,21.72
2023-03-17,23:45,00:00,MW,169.504
2023-03-18,00:00,00:15,MW,0.000068
2023-03-18,00:15,00:30,MW,4.592
2023-03-18,00:30,00:45,MW,26.632
2023-03-18,00:45,01:00,MW,157.332
2023-03-18,01:00,01:15,MW,106.788
2023-03-18,01:15,01:30,MW,206.252
2023-03-18,01:30,01:45,MW,336.052
2023-03-18,01:45,02:00,MW,213.588
2023-03-18,02:00,02:15,MW,10.888
2023-03-18,02:15,02:30,MW,4.032
2023-03-18,02:30,02:45,MW,0.000232
2023-03-18,02:45,03:00,MW,3.34
2023-03-18,03:00,03:15,MW,0
2023-03-18,03:15,03:30,MW,0
2023-03-18,03:30,03:45,MW,0
2023-03-18,03:45,04:00,MW,0.000032
2023-03-18,04:00,04:15,MW,0
2023-03-18,04:15,04:30,MW,0
2023-03-18,04:30,04:45,MW,0
2023-03-18,04:45,05:00,MW,0
2023-03-18,05:00,05:15,MW,0
2023-03-18,05:15,05:30,MW,0
2023-03-18,05:30,05:45,MW,0
2023-03-18,05:45,06:00,MW,0
2023-03-18,06:00,06:15,MW,0
2023-03-18,06:15,06:30,MW,6.452
2023-03-18,06:30,06:45,MW,3.492
2023-03-18,06:45,07:00,MW,11.536
2023-03-18,07:00,07:15,MW,35.916
2023-03-18,07:15,07:30,MW,2.716
2023-03-18,07:30,07:45,MW,47.336
2023-03-18,07:45,08:00,MW,46.996
2023-03-18,08:00,08:15,MW,0
2023-03-18,08:15,08:30,MW,3.444
2023-03-18,08:30,08:45,MW,29.856
2023-03-18,08:45,09:00,MW,31.816
2023-03-18,09:00,09:15,MW,82.188
2023-03-18,09:15,09:30,MW,166.164
2023-03-18,09:30,09:45,MW,287.98
2023-03-18,09:45,10:00,MW,138.936
2023-03-18,10:00,10:15,MW,32.096
2023-03-18,10:15,10:30,MW,45.796
2023-03-18,10:30,10:45,MW,176.996
2023-03-18,10:45,11:00,MW,41.484
2023-03-18,11:00,11:15,MW,93.52
2023-03-18,11:15,11:30,MW,197.78
2023-03-18,11:30,11:45,MW,562.72
2023-03-18,11:45,12:00,MW,114.052
2023-03-18,12:00,12:15,MW,26.72
2023-03-18,12:15,12:30,MW,308.108
2023-03-18,12:30,12:45,MW,415.94
2023-03-18,12:45,13:00,MW,657.364
2023-03-18,13:00,13:15,MW,121.044
2023-03-18,13:15,13:30,MW,700.068
2023-03-18,13:30,13:45,MW,392.3
2023-03-18,13:45,14:00,MW,505.692
2023-03-18,14:00,14:15,MW,20.152
2023-03-18,14:15,14:30,MW,9.02
2023-03-18,14:30,14:45,MW,0
2023-03-18,14:45,15:00,MW,5.736
2023-03-18,15:00,15:15,MW,307.68
2023-03-18,15:15,15:30,MW,20.508
2023-03-18,15:30,15:45,MW,0
2023-03-18,15:45,16:00,MW,0
2023-03-18,16:00,16:15,MW,26.072
2023-03-18,16:15,16:30,MW,97.964
2023-03-18,16:30,16:45,MW,13.396
2023-03-18,16:45,17:00,MW,54.024
2023-03-18,17:00,17:15,MW,761.284
2023-03-18,17:15,17:30,MW,530.784
2023-03-18,17:30,17:45,MW,214.184
2023-03-18,17:45,18:00,MW,20.232
2023-03-18,18:00,18:15,MW,972.996
2023-03-18,18:15,18:30,MW,422.624
2023-03-18,18:30,18:45,MW,33.9
2023-03-18,18:45,19:00,MW,0
2023-03-18,19:00,19:15,MW,89.104
2023-03-18,19:15,19:30,MW,163.36
2023-03-18,19:30,19:45,MW,317.832
2023-03-18,19:45,20:00,MW,461.872
2023-03-18,20:00,20:15,MW,313.7
2023-03-18,20:15,20:30,MW,156.088
2023-03-18,20:30,20:45,MW,187.72
2023-03-18,20:45,21:00,MW,190.468
2023-03-18,21:00,21:15,MW,22.928
2023-03-18,21:15,21:30,MW,102.008
2023-03-18,21:30,21:45,MW,240.04
2023-03-18,21:45,22:00,MW,510.132
2023-03-18,22:00,22:15,MW,374.136
2023-03-18,22:15,22:30,MW,452.952
2023-03-18,22:30,22:45,MW,468.176
2023-03-18,22:45,23:00,MW,367.088
2023-03-18,23:00,23:15,MW,588.556
2023-03-18,23:15,23:30,MW,536.704
2023-03-18,23:30,23:45,MW,209.84
2023-03-18,23:45,00:00,MW,188.58
2023-03-19,00:00,00:15,MW,66.488
2023-03-19,00:15,00:30,MW,372.232
2023-03-19,00:30,00:45,MW,467.304
2023-03-19,00:45,01:00,MW,125.612
2023-03-19,01:00,01:15,MW,0.000028
2023-03-19,01:15,01:30,MW,0.000012
2023-03-19,01:30,01:45,MW,0
2023-03-19,01:45,02:00,MW,0
2023-03-19,02:00,02:15,MW,0
2023-03-19,02:15,02:30,MW,29.56
2023-03-19,02:30,02:45,MW,156.832
2023-03-19,02:45,03:00,MW,238.224
2023-03-19,03:00,03:15,MW,17.592
2023-03-19,03:15,03:30,MW,4.992
2023-03-19,03:30,03:45,MW,7.236
2023-03-19,03:45,04:00,MW,8.876
2023-03-19,04:00,04:15,MW,22.028
2023-03-19,04:15,04:30,MW,32.336
2023-03-19,04:30,04:45,MW,21.048
2023-03-19,04:45,05:00,MW,3.724
2023-03-19,05:00,05:15,MW,1.516
2023-03-19,05:15,05:30,MW,7.848
2023-03-19,05:30,05:45,MW,5.136
2023-03-19,05:45,06:00,MW,0.0005
2023-03-19,06:00,06:15,MW,0
2023-03-19,06:15,06:30,MW,3.712
2023-03-19,06:30,06:45,MW,19.072
2023-03-19,06:45,07:00,MW,21.764
2023-03-19,07:00,07:15,MW,5.688
2023-03-19,07:15,07:30,MW,0.000364
2023-03-19,07:30,07:45,MW,0.000076
2023-03-19,07:45,08:00,MW,0
2023-03-19,08:00,08:15,MW,2.508
2023-03-19,08:15,08:30,MW,6.312
2023-03-19,08:30,08:45,MW,2.568
2023-03-19,08:45,09:00,MW,0.000072
2023-03-19,09:00,09:15,MW,0.00002
2023-03-19,09:15,09:30,MW,0.000008
2023-03-19,09:30,09:45,MW,1.608
2023-03-19,09:45,10:00,MW,13.004
2023-03-19,10:00,10:15,MW,61.976
2023-03-19,10:15,10:30,MW,58.764
2023-03-19,10:30,10:45,MW,237.284
2023-03-19,10:45,11:00,MW,230.256
2023-03-19,11:00,11:15,MW,18.612
2023-03-19,11:15,11:30,MW,17.484
2023-03-19,11:30,11:45,MW,5.392
2023-03-19,11:45,12:00,MW,72.42
2023-03-19,12:00,12:15,MW,201.544
2023-03-19,12:15,12:30,MW,396.14
2023-03-19,12:30,12:45,MW,324
2023-03-19,12:45,13:00,MW,339.264
2023-03-19,13:00,13:15,MW,344.588
2023-03-19,13:15,13:30,MW,99.564
2023-03-19,13:30,13:45,MW,47.128
2023-03-19,13:45,14:00,MW,0.000164
2023-03-19,14:00,14:15,MW,0.000012
2023-03-19,14:15,14:30,MW,0
2023-03-19,14:30,14:45,MW,0
2023-03-19,14:45,15:00,MW,0.000004
2023-03-19,15:00,15:15,MW,0.000576
2023-03-19,15:15,15:30,MW,0
2023-03-19,15:30,15:45,MW,0
2023-03-19,15:45,16:00,MW,0.000616
2023-03-19,16:00,16:15,MW,613.272
2023-03-19,16:15,16:30,MW,316.208
2023-03-19,16:30,16:45,MW,0
2023-03-19,16:45,17:00,MW,0
2023-03-19,17:00,17:15,MW,0
2023-03-19,17:15,17:30,MW,0.000028
2023-03-19,17:30,17:45,MW,4.344
2023-03-19,17:45,18:00,MW,0
2023-03-19,18:00,18:15,MW,81.288
2023-03-19,18:15,18:30,MW,86.908
2023-03-19,18:30,18:45,MW,16.104
2023-03-19,18:45,19:00,MW,52.876
2023-03-19,19:00,19:15,MW,201.94
2023-03-19,19:15,19:30,MW,175.948
2023-03-19,19:30,19:45,MW,0.000148
2023-03-19,19:45,20:00,MW,32.02
2023-03-19,20:00,20:15,MW,140.912
2023-03-19,20:15,20:30,MW,14.236
2023-03-19,20:30,20:45,MW,79.172
2023-03-19,20:45,21:00,MW,116.632
2023-03-19,21:00,21:15,MW,10.576
2023-03-19,21:15,21:30,MW,158.712
2023-03-19,21:30,21:45,MW,154.84
2023-03-19,21:45,22:00,MW,191.548
2023-03-19,22:00,22:15,MW,33.508
2023-03-19,22:15,22:30,MW,22.864
2023-03-19,22:30,22:45,MW,0.000372
2023-03-19,22:45,23:00,MW,7.844
2023-03-19,23:00,23:15,MW,3.852
2023-03-19,23:15,23:30,MW,3.008
2023-03-19,23:30,23:45,MW,0.000064
2023-03-19,23:45,00:00,MW,0.000044
